Torque,RPM,Current
0,0,0
45,0,42.0
44,0,39.6
43,0,37.4
42,0,35.3
41,0,33.2
40,0,31.3
39,0,29.5
38,0,27.8
37,0,26.1
36,0,24.6
35,0,23.1
34,0,21.6
33,0,20.3
32,0,19.0
31,0,17.7
30,0,16.6
29,0,15.4
28,0,14.3
27,0,13.3
26,0,12.3
25,0,11.4
24,0,10.5
23,0,9.7
22,0,8.9
21,0,8.1
20,0,7.4
19,0,6.7
18,0,6.1
17,0,5.4
16,0,4.9
15,0,4.3
14,0,3.8
13,0,3.3
12,0,2.9
11,0,2.5
10,0,2.1
9,0,1.7
8,0,1.4
7,0,1.1
6,0,0.9
5,0,0.6
4,0,0.4
3,0,0.2
2,0,0.1
1,0,0.0
45,100,53.2
44,100,50.5
43,100,48.0
42,100,45.6
41,100,43.2
40,100,41.0
39,100,38.9
38,100,36.9
37,100,35.0
36,100,33.1
35,100,31.4
34,100,29.7
33,100,28.1
32,100,26.5
31,100,25.0
30,100,23.6
29,100,22.2
28,100,20.9
27,100,19.6
26,100,18.4
25,100,17.2
24,100,16.1
23,100,15.0
22,100,13.9
21,100,12.9
20,100,12.0
19,100,11.1
18,100,10.2
17,100,9.3
16,100,8.5
15,100,7.8
14,100,7.0
13,100,6.3
12,100,5.6
11,100,5.0
10,100,4.4
9,100,3.8
8,100,3.3
7,100,2.7
6,100,2.3
5,100,1.8
4,100,1.4
3,100,1.0
2,100,0.6
1,100,0.3
45,200,62.6
44,200,59.8
43,200,57.0
42,200,54.4
41,200,51.8
40,200,49.4
39,200,47.1
38,200,44.9
37,200,42.7
36,200,40.7
35,200,38.7
34,200,36.8
33,200,35.0
32,200,33.2
31,200,31.5
30,200,29.9
29,200,28.3
28,200,26.8
27,200,25.3
26,200,23.8
25,200,22.5
24,200,21.1
23,200,19.8
22,200,18.6
21,200,17.4
20,200,16.2
19,200,15.1
18,200,14.0
17,200,12.9
16,200,11.9
15,200,10.9
14,200,10.0
13,200,9.1
12,200,8.2
11,200,7.3
10,200,6.5
9,200,5.7
8,200,5.0
7,200,4.3
6,200,3.6
5,200,2.9
4,200,2.3
3,200,1.7
2,200,1.1
1,200,0.6
45,300,72.1
44,300,69.0
43,300,66.0
42,300,63.2
41,300,60.4
40,300,57.8
39,300,55.3
38,300,52.8
37,300,50.5
36,300,48.2
35,300,46.1
34,300,44.0
33,300,41.9
32,300,39.9
31,300,38.0
30,300,36.2
29,300,34.4
28,300,32.6
27,300,31.0
26,300,29.3
25,300,27.7
24,300,26.2
23,300,24.7
22,300,23.2
21,300,21.8
20,300,20.4
19,300,19.1
18,300,17.8
17,300,16.5
16,300,15.3
15,300,14.1
14,300,13.0
13,300,11.8
12,300,10.8
11,300,9.7
10,300,8.7
9,300,7.7
8,300,6.7
7,300,5.8
6,300,4.9
5,300,4.0
4,300,3.2
3,300,2.3
2,300,1.6
1,300,0.8
45,300,72.1
44,300,69.0
43,300,66.0
42,300,63.2
41,300,60.4
40,300,57.8
39,300,55.3
38,300,52.8
37,300,50.5
36,300,48.2
35,300,46.1
34,300,44.0
33,300,41.9
32,300,39.9
31,300,38.0
30,300,36.2
29,300,34.4
28,300,32.6
27,300,31.0
26,300,29.3
25,300,27.7
24,300,26.2
23,300,24.7
22,300,23.2
21,300,21.8
20,300,20.4
19,300,19.1
18,300,17.8
17,300,16.5
16,300,15.3
15,300,14.1
14,300,13.0
13,300,11.8
12,300,10.8
11,300,9.7
10,300,8.7
9,300,7.7
8,300,6.7
7,300,5.8
6,300,4.9
5,300,4.0
4,300,3.2
3,300,2.3
2,300,1.6
1,300,0.8
45,400,81.5
44,400,78.2
43,400,75.0
42,400,72.0
41,400,69.0
40,400,66.2
39,400,63.5
38,400,60.8
37,400,58.3
36,400,55.8
35,400,53.4
34,400,51.1
33,400,48.8
32,400,46.7
31,400,44.5
30,400,42.5
29,400,40.5
28,400,38.5
27,400,36.6
26,400,34.8
25,400,33.0
24,400,31.2
23,400,29.5
22,400,27.9
21,400,26.2
20,400,24.7
19,400,23.1
18,400,21.6
17,400,20.1
16,400,18.7
15,400,17.3
14,400,16.0
13,400,14.6
12,400,13.3
11,400,12.1
10,400,10.8
9,400,9.6
8,400,8.4
7,400,7.3
6,400,6.2
5,400,5.1
4,400,4.0
3,400,3.0
2,400,2.0
1,400,1.1
45,500,91.0
44,500,87.4
43,500,84.1
42,500,80.8
41,500,77.6
40,500,74.6
39,500,71.7
38,500,68.8
37,500,66.0
36,500,63.4
35,500,60.8
34,500,58.2
33,500,55.8
32,500,53.4
31,500,51.1
30,500,48.8
29,500,46.6
28,500,44.4
27,500,42.3
26,500,40.3
25,500,38.3
24,500,36.3
23,500,34.4
22,500,32.5
21,500,30.7
20,500,28.9
19,500,27.1
18,500,25.4
17,500,23.8
16,500,22.1
15,500,20.5
14,500,18.9
13,500,17.4
12,500,15.9
11,500,14.4
10,500,13.0
9,500,11.6
8,500,10.2
7,500,8.8
6,500,7.5
5,500,6.2
4,500,4.9
3,500,3.7
2,500,2.5
1,500,1.3
45,600,100.4
44,600,96.7
43,600,93.1
42,600,89.6
41,600,86.2
40,600,83.0
39,600,79.8
38,600,76.8
37,600,73.8
36,600,70.9
35,600,68.1
34,600,65.4
33,600,62.7
32,600,60.1
31,600,57.6
30,600,55.1
29,600,52.7
28,600,50.3
27,600,48.0
26,600,45.8
25,600,43.5
24,600,41.4
23,600,39.3
22,600,37.2
21,600,35.1
20,600,33.1
19,600,31.2
18,600,29.3
17,600,27.4
16,600,25.5
15,600,23.7
14,600,21.9
13,600,20.2
12,600,18.5
11,600,16.8
10,600,15.1
9,600,13.5
8,600,11.9
7,600,10.4
6,600,8.8
5,600,7.3
4,600,5.8
3,600,4.4
2,600,3.0
1,600,1.6
45,700,109.9
44,700,105.9
43,700,102.1
42,700,98.4
41,700,94.9
40,700,91.4
39,700,88.0
38,700,84.8
37,700,81.6
36,700,78.5
35,700,75.5
34,700,72.6
33,700,69.7
32,700,66.9
31,700,64.1
30,700,61.4
29,700,58.8
28,700,56.2
27,700,53.7
26,700,51.2
25,700,48.8
24,700,46.4
23,700,44.1
22,700,41.8
21,700,39.6
20,700,37.4
19,700,35.2
18,700,33.1
17,700,31.0
16,700,28.9
15,700,26.9
14,700,24.9
13,700,23.0
12,700,21.0
11,700,19.1
10,700,17.3
9,700,15.5
8,700,13.7
7,700,11.9
6,700,10.1
5,700,8.4
4,700,6.7
3,700,5.1
2,700,3.5
1,700,1.9
45,800,119.3
44,800,115.2
43,800,111.2
42,800,107.3
41,800,103.5
40,800,99.8
39,800,96.3
38,800,92.8
37,800,89.4
36,800,86.1
35,800,82.9
34,800,79.7
33,800,76.6
32,800,73.6
31,800,70.7
30,800,67.8
29,800,64.9
28,800,62.1
27,800,59.4
26,800,56.7
25,800,54.1
24,800,51.5
23,800,49.0
22,800,46.5
21,800,44.0
20,800,41.6
19,800,39.2
18,800,36.9
17,800,34.6
16,800,32.3
15,800,30.1
14,800,27.9
13,800,25.7
12,800,23.6
11,800,21.5
10,800,19.4
9,800,17.4
8,800,15.4
7,800,13.4
6,800,11.5
5,800,9.5
4,800,7.6
3,800,5.8
2,800,3.9
1,800,2.1
45,900,128.8
44,900,124.4
43,900,120.2
42,900,116.1
41,900,112.1
40,900,108.2
39,900,104.5
38,900,100.8
37,900,97.2
36,900,93.7
35,900,90.2
34,900,86.9
33,900,83.6
32,900,80.4
31,900,77.2
30,900,74.1
29,900,71.0
28,900,68.1
27,900,65.1
26,900,62.2
25,900,59.4
24,900,56.6
23,900,53.9
22,900,51.1
21,900,48.5
20,900,45.9
19,900,43.3
18,900,40.7
17,900,38.2
16,900,35.7
15,900,33.3
14,900,30.9
13,900,28.5
12,900,26.2
11,900,23.9
10,900,21.6
9,900,19.4
8,900,17.1
7,900,14.9
6,900,12.8
5,900,10.6
4,900,8.5
3,900,6.5
2,900,4.4
1,900,2.4
45,1000,0.0
44,1000,0.0
43,1000,129.2
42,1000,124.9
41,1000,120.7
40,1000,116.7
39,1000,112.7
38,1000,108.8
37,1000,105.0
36,1000,101.3
35,1000,97.6
34,1000,94.0
33,1000,90.5
32,1000,87.1
31,1000,83.7
30,1000,80.4
29,1000,77.2
28,1000,74.0
27,1000,70.8
26,1000,67.7
25,1000,64.7
24,1000,61.7
23,1000,58.7
22,1000,55.8
21,1000,52.9
20,1000,50.1
19,1000,47.3
18,1000,44.6
17,1000,41.8
16,1000,39.2
15,1000,36.5
14,1000,33.9
13,1000,31.3
12,1000,28.8
11,1000,26.2
10,1000,23.8
9,1000,21.3
8,1000,18.9
7,1000,16.5
6,1000,14.1
5,1000,11.8
4,1000,9.4
3,1000,7.1
2,1000,4.9
1,1000,2.7
45,1100,0.0
44,1100,0.0
43,1100,0.0
42,1100,0.0
41,1100,129.4
40,1100,125.1
39,1100,120.9
38,1100,116.8
37,1100,112.8
36,1100,108.8
35,1100,105.0
34,1100,101.2
33,1100,97.5
32,1100,93.9
31,1100,90.3
30,1100,86.8
29,1100,83.3
28,1100,79.9
27,1100,76.5
26,1100,73.2
25,1100,70.0
24,1100,66.8
23,1100,63.6
22,1100,60.5
21,1100,57.4
20,1100,54.4
19,1100,51.4
18,1100,48.4
17,1100,45.5
16,1100,42.6
15,1100,39.7
14,1100,36.9
13,1100,34.1
12,1100,31.4
11,1100,28.6
10,1100,25.9
9,1100,23.3
8,1100,20.6
7,1100,18.0
6,1100,15.4
5,1100,12.9
4,1100,10.3
3,1100,7.8
2,1100,5.4
1,1100,2.9
45,1200,0.0
44,1200,0.0
43,1200,0.0
42,1200,0.0
41,1200,0.0
40,1200,0.0
39,1200,129.1
38,1200,124.8
37,1200,120.6
36,1200,116.4
35,1200,112.4
34,1200,108.4
33,1200,104.5
32,1200,100.6
31,1200,96.8
30,1200,93.1
29,1200,89.4
28,1200,85.8
27,1200,82.3
26,1200,78.7
25,1200,75.3
24,1200,71.9
23,1200,68.5
22,1200,65.2
21,1200,61.9
20,1200,58.6
19,1200,55.4
18,1200,52.2
17,1200,49.1
16,1200,46.0
15,1200,42.9
14,1200,39.9
13,1200,36.9
12,1200,33.9
11,1200,31.0
10,1200,28.1
9,1200,25.2
8,1200,22.4
7,1200,19.6
6,1200,16.8
5,1200,14.0
4,1200,11.3
3,1200,8.5
2,1200,5.9
1,1200,3.2
45,1300,0.0
44,1300,0.0
43,1300,0.0
42,1300,0.0
41,1300,0.0
40,1300,0.0
39,1300,0.0
38,1300,0.0
37,1300,128.4
36,1300,124.0
35,1300,119.8
34,1300,115.6
33,1300,111.4
32,1300,107.4
31,1300,103.4
30,1300,99.4
29,1300,95.6
28,1300,91.7
27,1300,88.0
26,1300,84.3
25,1300,80.6
24,1300,77.0
23,1300,73.4
22,1300,69.8
21,1300,66.3
20,1300,62.9
19,1300,59.5
18,1300,56.1
17,1300,52.7
16,1300,49.4
15,1300,46.1
14,1300,42.9
13,1300,39.7
12,1300,36.5
11,1300,33.4
10,1300,30.3
9,1300,27.2
8,1300,24.1
7,1300,21.1
6,1300,18.1
5,1300,15.1
4,1300,12.2
3,1300,9.2
2,1300,6.3
1,1300,3.5
45,1400,0.0
44,1400,0.0
43,1400,0.0
42,1400,0.0
41,1400,0.0
40,1400,0.0
39,1400,0.0
38,1400,0.0
37,1400,0.0
36,1400,0.0
35,1400,127.2
34,1400,122.8
33,1400,118.4
32,1400,114.1
31,1400,109.9
30,1400,105.8
29,1400,101.7
28,1400,97.7
27,1400,93.7
26,1400,89.8
25,1400,85.9
24,1400,82.0
23,1400,78.3
22,1400,74.5
21,1400,70.8
20,1400,67.1
19,1400,63.5
18,1400,59.9
17,1400,56.4
16,1400,52.8
15,1400,49.4
14,1400,45.9
13,1400,42.5
12,1400,39.1
11,1400,35.8
10,1400,32.4
9,1400,29.1
8,1400,25.9
7,1400,22.6
6,1400,19.4
5,1400,16.2
4,1400,13.1
3,1400,9.9
2,1400,6.8
1,1400,3.8
45,1400,0.0
44,1400,0.0
43,1400,0.0
42,1400,0.0
41,1400,0.0
40,1400,0.0
39,1400,0.0
38,1400,0.0
37,1400,0.0
36,1400,0.0
35,1400,127.2
34,1400,122.8
33,1400,118.4
32,1400,114.1
31,1400,109.9
30,1400,105.8
29,1400,101.7
28,1400,97.7
27,1400,93.7
26,1400,89.8
25,1400,85.9
24,1400,82.0
23,1400,78.3
22,1400,74.5
21,1400,70.8
20,1400,67.1
19,1400,63.5
18,1400,59.9
17,1400,56.4
16,1400,52.8
15,1400,49.4
14,1400,45.9
13,1400,42.5
12,1400,39.1
11,1400,35.8
10,1400,32.4
9,1400,29.1
8,1400,25.9
7,1400,22.6
6,1400,19.4
5,1400,16.2
4,1400,13.1
3,1400,9.9
2,1400,6.8
1,1400,3.8
45,1400,0.0
44,1400,0.0
43,1400,0.0
42,1400,0.0
41,1400,0.0
40,1400,0.0
39,1400,0.0
38,1400,0.0
37,1400,0.0
36,1400,0.0
35,1400,127.2
34,1400,122.8
33,1400,118.4
32,1400,114.1
31,1400,109.9
30,1400,105.8
29,1400,101.7
28,1400,97.7
27,1400,93.7
26,1400,89.8
25,1400,85.9
24,1400,82.0
23,1400,78.3
22,1400,74.5
21,1400,70.8
20,1400,67.1
19,1400,63.5
18,1400,59.9
17,1400,56.4
16,1400,52.8
15,1400,49.4
14,1400,45.9
13,1400,42.5
12,1400,39.1
11,1400,35.8
10,1400,32.4
9,1400,29.1
8,1400,25.9
7,1400,22.6
6,1400,19.4
5,1400,16.2
4,1400,13.1
3,1400,9.9
2,1400,6.8
1,1400,3.8
45,1500,0.0
44,1500,0.0
43,1500,0.0
42,1500,0.0
41,1500,0.0
40,1500,0.0
39,1500,0.0
38,1500,0.0
37,1500,0.0
36,1500,0.0
35,1500,0.0
34,1500,129.9
33,1500,125.4
32,1500,120.9
31,1500,116.5
30,1500,112.1
29,1500,107.9
28,1500,103.6
27,1500,99.4
26,1500,95.3
25,1500,91.2
24,1500,87.1
23,1500,83.1
22,1500,79.2
21,1500,75.3
20,1500,71.4
19,1500,67.6
18,1500,63.8
17,1500,60.0
16,1500,56.3
15,1500,52.6
14,1500,48.9
13,1500,45.3
12,1500,41.7
11,1500,38.1
10,1500,34.6
9,1500,31.1
8,1500,27.6
7,1500,24.2
6,1500,20.8
5,1500,17.4
4,1500,14.0
3,1500,10.6
2,1500,7.3
1,1500,4.0
45,1600,0.0
44,1600,0.0
43,1600,0.0
42,1600,0.0
41,1600,0.0
40,1600,0.0
39,1600,0.0
38,1600,0.0
37,1600,0.0
36,1600,0.0
35,1600,0.0
34,1600,0.0
33,1600,0.0
32,1600,127.7
31,1600,123.1
30,1600,118.5
29,1600,114.0
28,1600,109.5
27,1600,105.2
26,1600,100.8
25,1600,96.5
24,1600,92.2
23,1600,88.0
22,1600,83.9
21,1600,79.7
20,1600,75.7
19,1600,71.6
18,1600,67.6
17,1600,63.6
16,1600,59.7
15,1600,55.8
14,1600,51.9
13,1600,48.1
12,1600,44.3
11,1600,40.5
10,1600,36.8
9,1600,33.1
8,1600,29.4
7,1600,25.7
6,1600,22.1
5,1600,18.5
4,1600,14.9
3,1600,11.3
2,1600,7.8
1,1600,4.3
45,1600,0.0
44,1600,0.0
43,1600,0.0
42,1600,0.0
41,1600,0.0
40,1600,0.0
39,1600,0.0
38,1600,0.0
37,1600,0.0
36,1600,0.0
35,1600,0.0
34,1600,0.0
33,1600,0.0
32,1600,127.7
31,1600,123.1
30,1600,118.5
29,1600,114.0
28,1600,109.5
27,1600,105.2
26,1600,100.8
25,1600,96.5
24,1600,92.2
23,1600,88.0
22,1600,83.9
21,1600,79.7
20,1600,75.7
19,1600,71.6
18,1600,67.6
17,1600,63.6
16,1600,59.7
15,1600,55.8
14,1600,51.9
13,1600,48.1
12,1600,44.3
11,1600,40.5
10,1600,36.8
9,1600,33.1
8,1600,29.4
7,1600,25.7
6,1600,22.1
5,1600,18.5
4,1600,14.9
3,1600,11.3
2,1600,7.8
1,1600,4.3
45,1700,0.0
44,1700,0.0
43,1700,0.0
42,1700,0.0
41,1700,0.0
40,1700,0.0
39,1700,0.0
38,1700,0.0
37,1700,0.0
36,1700,0.0
35,1700,0.0
34,1700,0.0
33,1700,0.0
32,1700,0.0
31,1700,129.6
30,1700,124.9
29,1700,120.2
28,1700,115.5
27,1700,110.9
26,1700,106.3
25,1700,101.8
24,1700,97.4
23,1700,92.9
22,1700,88.6
21,1700,84.2
20,1700,79.9
19,1700,75.7
18,1700,71.5
17,1700,67.3
16,1700,63.1
15,1700,59.0
14,1700,55.0
13,1700,50.9
12,1700,46.9
11,1700,42.9
10,1700,39.0
9,1700,35.0
8,1700,31.1
7,1700,27.3
6,1700,23.4
5,1700,19.6
4,1700,15.8
3,1700,12.0
2,1700,8.3
1,1700,4.6
45,1700,0.0
44,1700,0.0
43,1700,0.0
42,1700,0.0
41,1700,0.0
40,1700,0.0
39,1700,0.0
38,1700,0.0
37,1700,0.0
36,1700,0.0
35,1700,0.0
34,1700,0.0
33,1700,0.0
32,1700,0.0
31,1700,129.6
30,1700,124.9
29,1700,120.2
28,1700,115.5
27,1700,110.9
26,1700,106.3
25,1700,101.8
24,1700,97.4
23,1700,92.9
22,1700,88.6
21,1700,84.2
20,1700,79.9
19,1700,75.7
18,1700,71.5
17,1700,67.3
16,1700,63.1
15,1700,59.0
14,1700,55.0
13,1700,50.9
12,1700,46.9
11,1700,42.9
10,1700,39.0
9,1700,35.0
8,1700,31.1
7,1700,27.3
6,1700,23.4
5,1700,19.6
4,1700,15.8
3,1700,12.0
2,1700,8.3
1,1700,4.6
45,1800,0.0
44,1800,0.0
43,1800,0.0
42,1800,0.0
41,1800,0.0
40,1800,0.0
39,1800,0.0
38,1800,0.0
37,1800,0.0
36,1800,0.0
35,1800,0.0
34,1800,0.0
33,1800,0.0
32,1800,0.0
31,1800,0.0
30,1800,0.0
29,1800,126.3
28,1800,121.4
27,1800,116.6
26,1800,111.9
25,1800,107.1
24,1800,102.5
23,1800,97.8
22,1800,93.2
21,1800,88.7
20,1800,84.2
19,1800,79.7
18,1800,75.3
17,1800,70.9
16,1800,66.6
15,1800,62.3
14,1800,58.0
13,1800,53.7
12,1800,49.5
11,1800,45.3
10,1800,41.2
9,1800,37.0
8,1800,32.9
7,1800,28.8
6,1800,24.8
5,1800,20.7
4,1800,16.7
3,1800,12.7
2,1800,8.8
1,1800,4.9
45,1900,0.0
44,1900,0.0
43,1900,0.0
42,1900,0.0
41,1900,0.0
40,1900,0.0
39,1900,0.0
38,1900,0.0
37,1900,0.0
36,1900,0.0
35,1900,0.0
34,1900,0.0
33,1900,0.0
32,1900,0.0
31,1900,0.0
30,1900,0.0
29,1900,0.0
28,1900,127.4
27,1900,122.4
26,1900,117.4
25,1900,112.5
24,1900,107.6
23,1900,102.7
22,1900,97.9
21,1900,93.2
20,1900,88.5
19,1900,83.8
18,1900,79.2
17,1900,74.6
16,1900,70.0
15,1900,65.5
14,1900,61.0
13,1900,56.5
12,1900,52.1
11,1900,47.7
10,1900,43.3
9,1900,39.0
8,1900,34.7
7,1900,30.4
6,1900,26.1
5,1900,21.9
4,1900,17.6
3,1900,13.5
2,1900,9.3
1,1900,5.2
45,1900,0.0
44,1900,0.0
43,1900,0.0
42,1900,0.0
41,1900,0.0
40,1900,0.0
39,1900,0.0
38,1900,0.0
37,1900,0.0
36,1900,0.0
35,1900,0.0
34,1900,0.0
33,1900,0.0
32,1900,0.0
31,1900,0.0
30,1900,0.0
29,1900,0.0
28,1900,127.4
27,1900,122.4
26,1900,117.4
25,1900,112.5
24,1900,107.6
23,1900,102.7
22,1900,97.9
21,1900,93.2
20,1900,88.5
19,1900,83.8
18,1900,79.2
17,1900,74.6
16,1900,70.0
15,1900,65.5
14,1900,61.0
13,1900,56.5
12,1900,52.1
11,1900,47.7
10,1900,43.3
9,1900,39.0
8,1900,34.7
7,1900,30.4
6,1900,26.1
5,1900,21.9
4,1900,17.6
3,1900,13.5
2,1900,9.3
1,1900,5.2
45,2000,0.0
44,2000,0.0
43,2000,0.0
42,2000,0.0
41,2000,0.0
40,2000,0.0
39,2000,0.0
38,2000,0.0
37,2000,0.0
36,2000,0.0
35,2000,0.0
34,2000,0.0
33,2000,0.0
32,2000,0.0
31,2000,0.0
30,2000,0.0
29,2000,0.0
28,2000,0.0
27,2000,128.5
26,2000,123.1
25,2000,117.9
24,2000,112.7
23,2000,107.6
22,2000,102.6
21,2000,97.7
20,2000,92.8
19,2000,87.9
18,2000,83.0
17,2000,78.2
16,2000,73.5
15,2000,68.7
14,2000,64.0
13,2000,59.4
12,2000,54.7
11,2000,50.1
10,2000,45.5
9,2000,41.0
8,2000,36.4
7,2000,31.9
6,2000,27.5
5,2000,23.0
4,2000,18.6
3,2000,14.2
2,2000,9.8
1,2000,5.4
45,2100,0.0
44,2100,0.0
43,2100,0.0
42,2100,0.0
41,2100,0.0
40,2100,0.0
39,2100,0.0
38,2100,0.0
37,2100,0.0
36,2100,0.0
35,2100,0.0
34,2100,0.0
33,2100,0.0
32,2100,0.0
31,2100,0.0
30,2100,0.0
29,2100,0.0
28,2100,0.0
27,2100,0.0
26,2100,129.5
25,2100,123.8
24,2100,118.3
23,2100,112.9
22,2100,107.5
21,2100,102.2
20,2100,97.1
19,2100,91.9
18,2100,86.9
17,2100,81.9
16,2100,76.9
15,2100,72.0
14,2100,67.1
13,2100,62.2
12,2100,57.3
11,2100,52.5
10,2100,47.7
9,2100,42.9
8,2100,38.2
7,2100,33.5
6,2100,28.8
5,2100,24.1
4,2100,19.5
3,2100,14.9
2,2100,10.3
1,2100,5.7
45,2200,0.0
44,2200,0.0
43,2200,0.0
42,2200,0.0
41,2200,0.0
40,2200,0.0
39,2200,0.0
38,2200,0.0
37,2200,0.0
36,2200,0.0
35,2200,0.0
34,2200,0.0
33,2200,0.0
32,2200,0.0
31,2200,0.0
30,2200,0.0
29,2200,0.0
28,2200,0.0
27,2200,0.0
26,2200,0.0
25,2200,0.0
24,2200,124.3
23,2200,118.5
22,2200,112.8
21,2200,107.2
20,2200,101.6
19,2200,96.2
18,2200,90.8
17,2200,85.5
16,2200,80.3
15,2200,75.2
14,2200,70.1
13,2200,65.0
12,2200,59.9
11,2200,54.9
10,2200,49.9
9,2200,44.9
8,2200,40.0
7,2200,35.1
6,2200,30.1
5,2200,25.3
4,2200,20.4
3,2200,15.6
2,2200,10.8
1,2200,6.0
45,2300,0.0
44,2300,0.0
43,2300,0.0
42,2300,0.0
41,2300,0.0
40,2300,0.0
39,2300,0.0
38,2300,0.0
37,2300,0.0
36,2300,0.0
35,2300,0.0
34,2300,0.0
33,2300,0.0
32,2300,0.0
31,2300,0.0
30,2300,0.0
29,2300,0.0
28,2300,0.0
27,2300,0.0
26,2300,0.0
25,2300,0.0
24,2300,0.0
23,2300,124.4
22,2300,118.3
21,2300,112.3
20,2300,106.5
19,2300,100.7
18,2300,95.0
17,2300,89.4
16,2300,83.9
15,2300,78.5
14,2300,73.1
13,2300,67.8
12,2300,62.5
11,2300,57.3
10,2300,52.1
9,2300,46.9
8,2300,41.8
7,2300,36.6
6,2300,31.5
5,2300,26.4
4,2300,21.3
3,2300,16.3
2,2300,11.3
1,2300,6.3
45,2400,0.0
44,2400,0.0
43,2400,0.0
42,2400,0.0
41,2400,0.0
40,2400,0.0
39,2400,0.0
38,2400,0.0
37,2400,0.0
36,2400,0.0
35,2400,0.0
34,2400,0.0
33,2400,0.0
32,2400,0.0
31,2400,0.0
30,2400,0.0
29,2400,0.0
28,2400,0.0
27,2400,0.0
26,2400,0.0
25,2400,0.0
24,2400,0.0
23,2400,0.0
22,2400,124.0
21,2400,117.7
20,2400,111.5
19,2400,105.4
18,2400,99.4
17,2400,93.5
16,2400,87.6
15,2400,81.9
14,2400,76.2
13,2400,70.6
12,2400,65.1
11,2400,59.6
10,2400,54.2
9,2400,48.9
8,2400,43.5
7,2400,38.2
6,2400,32.8
5,2400,27.5
4,2400,22.3
3,2400,17.0
2,2400,11.8
1,2400,6.6
45,2500,0.0
44,2500,0.0
43,2500,0.0
42,2500,0.0
41,2500,0.0
40,2500,0.0
39,2500,0.0
38,2500,0.0
37,2500,0.0
36,2500,0.0
35,2500,0.0
34,2500,0.0
33,2500,0.0
32,2500,0.0
31,2500,0.0
30,2500,0.0
29,2500,0.0
28,2500,0.0
27,2500,0.0
26,2500,0.0
25,2500,0.0
24,2500,0.0
23,2500,0.0
22,2500,130.0
21,2500,123.2
20,2500,116.6
19,2500,110.2
18,2500,103.9
17,2500,97.6
16,2500,91.5
15,2500,85.5
14,2500,79.5
13,2500,73.6
12,2500,67.8
11,2500,62.1
10,2500,56.4
9,2500,50.8
8,2500,45.3
7,2500,39.7
6,2500,34.2
5,2500,28.7
4,2500,23.2
3,2500,17.7
2,2500,12.3
1,2500,6.9
45,2600,0.0
44,2600,0.0
43,2600,0.0
42,2600,0.0
41,2600,0.0
40,2600,0.0
39,2600,0.0
38,2600,0.0
37,2600,0.0
36,2600,0.0
35,2600,0.0
34,2600,0.0
33,2600,0.0
32,2600,0.0
31,2600,0.0
30,2600,0.0
29,2600,0.0
28,2600,0.0
27,2600,0.0
26,2600,0.0
25,2600,0.0
24,2600,0.0
23,2600,0.0
22,2600,0.0
21,2600,128.9
20,2600,121.9
19,2600,115.1
18,2600,108.4
17,2600,101.9
16,2600,95.4
15,2600,89.1
14,2600,82.9
13,2600,76.7
12,2600,70.6
11,2600,64.6
10,2600,58.7
9,2600,52.8
8,2600,47.0
7,2600,41.2
6,2600,35.5
5,2600,29.8
4,2600,24.1
3,2600,18.4
2,2600,12.8
1,2600,7.2
45,2700,0.0
44,2700,0.0
43,2700,0.0
42,2700,0.0
41,2700,0.0
40,2700,0.0
39,2700,0.0
38,2700,0.0
37,2700,0.0
36,2700,0.0
35,2700,0.0
34,2700,0.0
33,2700,0.0
32,2700,0.0
31,2700,0.0
30,2700,0.0
29,2700,0.0
28,2700,0.0
27,2700,0.0
26,2700,0.0
25,2700,0.0
24,2700,0.0
23,2700,0.0
22,2700,0.0
21,2700,0.0
20,2700,127.4
19,2700,120.2
18,2700,113.1
17,2700,106.2
16,2700,99.5
15,2700,92.8
14,2700,86.3
13,2700,79.8
12,2700,73.5
11,2700,67.2
10,2700,61.0
9,2700,54.9
8,2700,48.8
7,2700,42.8
6,2700,36.8
5,2700,31.0
4,2700,25.1
3,2700,19.2
2,2700,13.3
1,2700,7.5
45,2800,0.0
44,2800,0.0
43,2800,0.0
42,2800,0.0
41,2800,0.0
40,2800,0.0
39,2800,0.0
38,2800,0.0
37,2800,0.0
36,2800,0.0
35,2800,0.0
34,2800,0.0
33,2800,0.0
32,2800,0.0
31,2800,0.0
30,2800,0.0
29,2800,0.0
28,2800,0.0
27,2800,0.0
26,2800,0.0
25,2800,0.0
24,2800,0.0
23,2800,0.0
22,2800,0.0
21,2800,0.0
20,2800,0.0
19,2800,125.3
18,2800,117.9
17,2800,110.7
16,2800,103.6
15,2800,96.6
14,2800,89.8
13,2800,83.0
12,2800,76.4
11,2800,69.8
10,2800,63.4
9,2800,57.0
8,2800,50.6
7,2800,44.4
6,2800,38.2
5,2800,32.0
4,2800,26.0
3,2800,19.9
2,2800,13.8
1,2800,7.8
45,2900,0.0
44,2900,0.0
43,2900,0.0
42,2900,0.0
41,2900,0.0
40,2900,0.0
39,2900,0.0
38,2900,0.0
37,2900,0.0
36,2900,0.0
35,2900,0.0
34,2900,0.0
33,2900,0.0
32,2900,0.0
31,2900,0.0
30,2900,0.0
29,2900,0.0
28,2900,0.0
27,2900,0.0
26,2900,0.0
25,2900,0.0
24,2900,0.0
23,2900,0.0
22,2900,0.0
21,2900,0.0
20,2900,0.0
19,2900,0.0
18,2900,122.8
17,2900,115.2
16,2900,107.7
15,2900,100.5
14,2900,93.3
13,2900,86.3
12,2900,79.4
11,2900,72.5
10,2900,65.8
9,2900,59.1
8,2900,52.5
7,2900,46.0
6,2900,39.6
5,2900,33.2
4,2900,26.9
3,2900,20.6
2,2900,14.3
1,2900,8.1
45,3000,0.0
44,3000,0.0
43,3000,0.0
42,3000,0.0
41,3000,0.0
40,3000,0.0
39,3000,0.0
38,3000,0.0
37,3000,0.0
36,3000,0.0
35,3000,0.0
34,3000,0.0
33,3000,0.0
32,3000,0.0
31,3000,0.0
30,3000,0.0
29,3000,0.0
28,3000,0.0
27,3000,0.0
26,3000,0.0
25,3000,0.0
24,3000,0.0
23,3000,0.0
22,3000,0.0
21,3000,0.0
20,3000,0.0
19,3000,0.0
18,3000,127.8
17,3000,119.8
16,3000,112.0
15,3000,104.4
14,3000,96.9
13,3000,89.6
12,3000,82.4
11,3000,75.2
10,3000,68.2
9,3000,61.3
8,3000,54.5
7,3000,47.7
6,3000,41.0
5,3000,34.3
4,3000,27.8
3,3000,21.3
2,3000,14.8
1,3000,8.3
45,3100,0.0
44,3100,0.0
43,3100,0.0
42,3100,0.0
41,3100,0.0
40,3100,0.0
39,3100,0.0
38,3100,0.0
37,3100,0.0
36,3100,0.0
35,3100,0.0
34,3100,0.0
33,3100,0.0
32,3100,0.0
31,3100,0.0
30,3100,0.0
29,3100,0.0
28,3100,0.0
27,3100,0.0
26,3100,0.0
25,3100,0.0
24,3100,0.0
23,3100,0.0
22,3100,0.0
21,3100,0.0
20,3100,0.0
19,3100,0.0
18,3100,0.0
17,3100,124.5
16,3100,116.3
15,3100,108.3
14,3100,100.5
13,3100,92.9
12,3100,85.4
11,3100,78.0
10,3100,70.7
9,3100,63.5
8,3100,56.4
7,3100,49.4
6,3100,42.4
5,3100,35.5
4,3100,28.7
3,3100,22.0
2,3100,15.3
1,3100,8.6
45,3200,0.0
44,3200,0.0
43,3200,0.0
42,3200,0.0
41,3200,0.0
40,3200,0.0
39,3200,0.0
38,3200,0.0
37,3200,0.0
36,3200,0.0
35,3200,0.0
34,3200,0.0
33,3200,0.0
32,3200,0.0
31,3200,0.0
30,3200,0.0
29,3200,0.0
28,3200,0.0
27,3200,0.0
26,3200,0.0
25,3200,0.0
24,3200,0.0
23,3200,0.0
22,3200,0.0
21,3200,0.0
20,3200,0.0
19,3200,0.0
18,3200,0.0
17,3200,129.3
16,3200,120.7
15,3200,112.4
14,3200,104.2
13,3200,96.3
12,3200,88.5
11,3200,80.8
10,3200,73.2
9,3200,65.8
8,3200,58.4
7,3200,51.1
6,3200,43.9
5,3200,36.8
4,3200,29.7
3,3200,22.7
2,3200,15.8
1,3200,8.9
45,3300,0.0
44,3300,0.0
43,3300,0.0
42,3300,0.0
41,3300,0.0
40,3300,0.0
39,3300,0.0
38,3300,0.0
37,3300,0.0
36,3300,0.0
35,3300,0.0
34,3300,0.0
33,3300,0.0
32,3300,0.0
31,3300,0.0
30,3300,0.0
29,3300,0.0
28,3300,0.0
27,3300,0.0
26,3300,0.0
25,3300,0.0
24,3300,0.0
23,3300,0.0
22,3300,0.0
21,3300,0.0
20,3300,0.0
19,3300,0.0
18,3300,0.0
17,3300,0.0
16,3300,125.2
15,3300,116.4
14,3300,108.0
13,3300,99.7
12,3300,91.6
11,3300,83.6
10,3300,75.8
9,3300,68.1
8,3300,60.4
7,3300,52.9
6,3300,45.4
5,3300,38.0
4,3300,30.7
3,3300,23.5
2,3300,16.3
1,3300,9.2
45,3400,0.0
44,3400,0.0
43,3400,0.0
42,3400,0.0
41,3400,0.0
40,3400,0.0
39,3400,0.0
38,3400,0.0
37,3400,0.0
36,3400,0.0
35,3400,0.0
34,3400,0.0
33,3400,0.0
32,3400,0.0
31,3400,0.0
30,3400,0.0
29,3400,0.0
28,3400,0.0
27,3400,0.0
26,3400,0.0
25,3400,0.0
24,3400,0.0
23,3400,0.0
22,3400,0.0
21,3400,0.0
20,3400,0.0
19,3400,0.0
18,3400,0.0
17,3400,0.0
16,3400,129.8
15,3400,120.6
14,3400,111.8
13,3400,103.2
12,3400,94.7
11,3400,86.5
10,3400,78.4
9,3400,70.4
8,3400,62.5
7,3400,54.7
6,3400,46.9
5,3400,39.3
4,3400,31.7
3,3400,24.3
2,3400,16.8
1,3400,9.5
45,3500,0.0
44,3500,0.0
43,3500,0.0
42,3500,0.0
41,3500,0.0
40,3500,0.0
39,3500,0.0
38,3500,0.0
37,3500,0.0
36,3500,0.0
35,3500,0.0
34,3500,0.0
33,3500,0.0
32,3500,0.0
31,3500,0.0
30,3500,0.0
29,3500,0.0
28,3500,0.0
27,3500,0.0
26,3500,0.0
25,3500,0.0
24,3500,0.0
23,3500,0.0
22,3500,0.0
21,3500,0.0
20,3500,0.0
19,3500,0.0
18,3500,0.0
17,3500,0.0
16,3500,0.0
15,3500,124.9
14,3500,115.6
13,3500,106.7
12,3500,97.9
11,3500,89.4
10,3500,81.0
9,3500,72.7
8,3500,64.5
7,3500,56.5
6,3500,48.5
5,3500,40.6
4,3500,32.8
3,3500,25.1
2,3500,17.4
1,3500,9.9
45,3600,0.0
44,3600,0.0
43,3600,0.0
42,3600,0.0
41,3600,0.0
40,3600,0.0
39,3600,0.0
38,3600,0.0
37,3600,0.0
36,3600,0.0
35,3600,0.0
34,3600,0.0
33,3600,0.0
32,3600,0.0
31,3600,0.0
30,3600,0.0
29,3600,0.0
28,3600,0.0
27,3600,0.0
26,3600,0.0
25,3600,0.0
24,3600,0.0
23,3600,0.0
22,3600,0.0
21,3600,0.0
20,3600,0.0
19,3600,0.0
18,3600,0.0
17,3600,0.0
16,3600,0.0
15,3600,129.2
14,3600,119.5
13,3600,110.2
12,3600,101.1
11,3600,92.3
10,3600,83.6
9,3600,75.0
8,3600,66.6
7,3600,58.3
6,3600,50.1
5,3600,41.9
4,3600,33.9
3,3600,25.9
2,3600,18.0
1,3600,10.2
45,3700,0.0
44,3700,0.0
43,3700,0.0
42,3700,0.0
41,3700,0.0
40,3700,0.0
39,3700,0.0
38,3700,0.0
37,3700,0.0
36,3700,0.0
35,3700,0.0
34,3700,0.0
33,3700,0.0
32,3700,0.0
31,3700,0.0
30,3700,0.0
29,3700,0.0
28,3700,0.0
27,3700,0.0
26,3700,0.0
25,3700,0.0
24,3700,0.0
23,3700,0.0
22,3700,0.0
21,3700,0.0
20,3700,0.0
19,3700,0.0
18,3700,0.0
17,3700,0.0
16,3700,0.0
15,3700,0.0
14,3700,123.5
13,3700,113.8
12,3700,104.4
11,3700,95.2
10,3700,86.2
9,3700,77.4
8,3700,68.7
7,3700,60.1
6,3700,51.6
5,3700,43.3
4,3700,35.0
3,3700,26.8
2,3700,18.7
1,3700,10.6
45,3800,0.0
44,3800,0.0
43,3800,0.0
42,3800,0.0
41,3800,0.0
40,3800,0.0
39,3800,0.0
38,3800,0.0
37,3800,0.0
36,3800,0.0
35,3800,0.0
34,3800,0.0
33,3800,0.0
32,3800,0.0
31,3800,0.0
30,3800,0.0
29,3800,0.0
28,3800,0.0
27,3800,0.0
26,3800,0.0
25,3800,0.0
24,3800,0.0
23,3800,0.0
22,3800,0.0
21,3800,0.0
20,3800,0.0
19,3800,0.0
18,3800,0.0
17,3800,0.0
16,3800,0.0
15,3800,0.0
14,3800,127.6
13,3800,117.4
12,3800,107.7
11,3800,98.2
10,3800,88.9
9,3800,79.8
8,3800,70.8
7,3800,62.0
6,3800,53.3
5,3800,44.6
4,3800,36.1
3,3800,27.7
2,3800,19.3
1,3800,11.1
45,3900,0.0
44,3900,0.0
43,3900,0.0
42,3900,0.0
41,3900,0.0
40,3900,0.0
39,3900,0.0
38,3900,0.0
37,3900,0.0
36,3900,0.0
35,3900,0.0
34,3900,0.0
33,3900,0.0
32,3900,0.0
31,3900,0.0
30,3900,0.0
29,3900,0.0
28,3900,0.0
27,3900,0.0
26,3900,0.0
25,3900,0.0
24,3900,0.0
23,3900,0.0
22,3900,0.0
21,3900,0.0
20,3900,0.0
19,3900,0.0
18,3900,0.0
17,3900,0.0
16,3900,0.0
15,3900,0.0
14,3900,0.0
13,3900,121.1
12,3900,111.0
11,3900,101.2
10,3900,91.6
9,3900,82.2
8,3900,73.0
7,3900,63.9
6,3900,54.9
5,3900,46.0
4,3900,37.2
3,3900,28.5
2,3900,20.0
1,3900,11.5
45,4000,0.0
44,4000,0.0
43,4000,0.0
42,4000,0.0
41,4000,0.0
40,4000,0.0
39,4000,0.0
38,4000,0.0
37,4000,0.0
36,4000,0.0
35,4000,0.0
34,4000,0.0
33,4000,0.0
32,4000,0.0
31,4000,0.0
30,4000,0.0
29,4000,0.0
28,4000,0.0
27,4000,0.0
26,4000,0.0
25,4000,0.0
24,4000,0.0
23,4000,0.0
22,4000,0.0
21,4000,0.0
20,4000,0.0
19,4000,0.0
18,4000,0.0
17,4000,0.0
16,4000,0.0
15,4000,0.0
14,4000,0.0
13,4000,124.9
12,4000,114.4
11,4000,104.2
10,4000,94.3
9,4000,84.7
8,4000,75.1
7,4000,65.8
6,4000,56.5
5,4000,47.4
4,4000,38.4
3,4000,29.5
2,4000,20.7
1,4000,12.0
45,4100,0.0
44,4100,0.0
43,4100,0.0
42,4100,0.0
41,4100,0.0
40,4100,0.0
39,4100,0.0
38,4100,0.0
37,4100,0.0
36,4100,0.0
35,4100,0.0
34,4100,0.0
33,4100,0.0
32,4100,0.0
31,4100,0.0
30,4100,0.0
29,4100,0.0
28,4100,0.0
27,4100,0.0
26,4100,0.0
25,4100,0.0
24,4100,0.0
23,4100,0.0
22,4100,0.0
21,4100,0.0
20,4100,0.0
19,4100,0.0
18,4100,0.0
17,4100,0.0
16,4100,0.0
15,4100,0.0
14,4100,0.0
13,4100,128.7
12,4100,117.8
11,4100,107.3
10,4100,97.1
9,4100,87.1
8,4100,77.3
7,4100,67.7
6,4100,58.2
5,4100,48.8
4,4100,39.5
3,4100,30.4
2,4100,21.3
1,4100,12.5
45,4200,0.0
44,4200,0.0
43,4200,0.0
42,4200,0.0
41,4200,0.0
40,4200,0.0
39,4200,0.0
38,4200,0.0
37,4200,0.0
36,4200,0.0
35,4200,0.0
34,4200,0.0
33,4200,0.0
32,4200,0.0
31,4200,0.0
30,4200,0.0
29,4200,0.0
28,4200,0.0
27,4200,0.0
26,4200,0.0
25,4200,0.0
24,4200,0.0
23,4200,0.0
22,4200,0.0
21,4200,0.0
20,4200,0.0
19,4200,0.0
18,4200,0.0
17,4200,0.0
16,4200,0.0
15,4200,0.0
14,4200,0.0
13,4200,0.0
12,4200,121.2
11,4200,110.4
10,4200,99.8
9,4200,89.6
8,4200,79.5
7,4200,69.6
6,4200,59.8
5,4200,50.2
4,4200,40.7
3,4200,31.3
2,4200,22.1
1,4200,12.9
45,4300,0.0
44,4300,0.0
43,4300,0.0
42,4300,0.0
41,4300,0.0
40,4300,0.0
39,4300,0.0
38,4300,0.0
37,4300,0.0
36,4300,0.0
35,4300,0.0
34,4300,0.0
33,4300,0.0
32,4300,0.0
31,4300,0.0
30,4300,0.0
29,4300,0.0
28,4300,0.0
27,4300,0.0
26,4300,0.0
25,4300,0.0
24,4300,0.0
23,4300,0.0
22,4300,0.0
21,4300,0.0
20,4300,0.0
19,4300,0.0
18,4300,0.0
17,4300,0.0
16,4300,0.0
15,4300,0.0
14,4300,0.0
13,4300,0.0
12,4300,124.8
11,4300,113.5
10,4300,102.6
9,4300,92.0
8,4300,81.7
7,4300,71.5
6,4300,61.5
5,4300,51.6
4,4300,41.9
3,4300,32.3
2,4300,22.8
1,4300,13.4
45,4400,0.0
44,4400,0.0
43,4400,0.0
42,4400,0.0
41,4400,0.0
40,4400,0.0
39,4400,0.0
38,4400,0.0
37,4400,0.0
36,4400,0.0
35,4400,0.0
34,4400,0.0
33,4400,0.0
32,4400,0.0
31,4400,0.0
30,4400,0.0
29,4400,0.0
28,4400,0.0
27,4400,0.0
26,4400,0.0
25,4400,0.0
24,4400,0.0
23,4400,0.0
22,4400,0.0
21,4400,0.0
20,4400,0.0
19,4400,0.0
18,4400,0.0
17,4400,0.0
16,4400,0.0
15,4400,0.0
14,4400,0.0
13,4400,0.0
12,4400,0.0
11,4400,119.8
10,4400,108.3
9,4400,97.1
8,4400,86.1
7,4400,75.4
6,4400,64.9
5,4400,54.5
4,4400,44.3
3,4400,34.2
2,4400,24.2
1,4400,14.5
45,4500,0.0
44,4500,0.0
43,4500,0.0
42,4500,0.0
41,4500,0.0
40,4500,0.0
39,4500,0.0
38,4500,0.0
37,4500,0.0
36,4500,0.0
35,4500,0.0
34,4500,0.0
33,4500,0.0
32,4500,0.0
31,4500,0.0
30,4500,0.0
29,4500,0.0
28,4500,0.0
27,4500,0.0
26,4500,0.0
25,4500,0.0
24,4500,0.0
23,4500,0.0
22,4500,0.0
21,4500,0.0
20,4500,0.0
19,4500,0.0
18,4500,0.0
17,4500,0.0
16,4500,0.0
15,4500,0.0
14,4500,0.0
13,4500,0.0
12,4500,0.0
11,4500,119.8
10,4500,108.3
9,4500,97.1
8,4500,86.1
7,4500,75.4
6,4500,64.9
5,4500,54.5
4,4500,44.3
3,4500,34.2
2,4500,24.2
1,4500,14.5